heap,bptree,hash,sequential,isam,brin,rtree
29.6431,1.7991,2.2662,0.967,1.9917,1.451,2.635
0.1159,0.324,0.2179,0.5589,0.3541,0.5162,2.1179
0.411,1.2178,3.2201,1.4119,0.6032,0.9711,4.5891
0.102,0.3142,0.2019,0.5372,0.2389,0.2942,2.8498
0.0908,0.293,0.1791,0.5789,0.2372,0.2809,2.3048
0.0911,0.2711,0.175,0.556,0.2589,0.2832,2.6519
0.0882,0.3321,0.175,0.535,0.237,0.278,1.8611
0.0918,0.2811,0.1748,0.5918,0.2413,0.2711,2.1038
0.083,0.2701,0.1802,0.7381,0.6709,0.2909,2.1141
0.0823,1.344,0.3331,0.6208,1.02,0.2961,6.48
0.0899,0.2928,0.1853,0.6211,0.2949,0.3481,2.0511
0.0839,0.2749,0.1791,0.6349,0.4661,0.2959,2.0728
0.087,0.2739,0.1798,0.6533,0.2601,0.2959,1.5759
0.0861,0.3009,0.1769,0.7408,0.2501,0.3181,1.5533
0.0851,0.4041,0.18,0.7191,0.2501,0.299,1.6658
0.128,0.334,0.1841,0.8168,0.252,0.2811,1.8871
0.0961,0.334,0.2351,0.6599,0.2522,0.3169,1.8442
0.0992,0.3042,0.1891,0.7229,0.2668,0.3898,1.4803
0.087,0.282,0.2329,0.6089,0.3939,0.289,1.3378
0.0899,0.2818,0.3362,0.7932,0.2632,0.2899,2.003
0.0939,0.2792,0.2398,0.849,0.277,0.3128,2.1579
0.0939,0.4978,0.2282,0.912,0.2539,0.4551,4.6949
0.0918,0.2961,0.1967,0.8321,0.2639,0.288,1.6868
0.0951,0.2911,0.1929,0.6309,0.2558,0.2861,5.3601
0.087,0.284,0.1888,0.6781,0.2718,0.3529,1.982
0.0939,0.2749,0.2382,1.1013,0.3479,0.3147,4.9198
0.1011,0.3211,0.1919,0.8171,0.2711,0.2689,1.9581
0.0851,0.2933,0.2429,0.9232,0.3059,0.2728,1.9491
0.0911,0.2897,0.212,0.649,0.267,0.3233,2.0611
0.0842,0.2842,0.2151,0.967,0.2649,0.3028,5.4898
0.0839,0.3169,0.191,0.7958,0.3152,0.282,1.7061
0.0882,0.3452,0.3309,0.8249,0.2654,0.2797,1.569
0.0918,0.3192,0.232,0.5352,0.3829,0.2759,2.0471
0.118,0.2937,0.236,0.6669,0.3638,0.3352,1.478
0.0939,0.2868,0.2148,0.6769,0.4451,0.2799,1.6861
0.1631,0.3428,0.2089,0.7999,0.2863,0.2859,1.426
0.1264,0.3731,0.2482,0.8771,0.2661,0.3302,1.5149
0.1049,0.3662,0.2041,0.7191,0.2897,0.2968,1.9059
0.176,0.304,0.1969,0.8161,0.2651,0.2978,1.9779
0.1018,0.289,0.236,0.505,0.4253,0.2828,2.048
0.0892,0.293,0.2191,0.6089,0.2811,0.3529,1.965
0.0868,0.294,0.222,0.7951,0.3369,0.5009,2.9819
0.0889,0.577,0.2351,0.7472,0.2909,0.277,5.095
0.0839,0.6702,0.2019,0.9527,0.67,0.3269,1.9081
0.0939,0.3819,0.2189,0.896,0.329,0.3579,1.601
0.0923,0.335,0.2582,0.5491,0.2799,0.3061,2.0599
0.0901,0.3519,0.2019,0.912,0.2611,0.3798,2.409
0.0949,0.7491,0.236,0.4151,0.365,0.3788,1.622
0.0899,0.5434,0.2162,0.7119,0.257,0.3829,1.8451
0.0932,0.5119,0.221,0.622,0.2561,0.3471,1.6778
0.0899,0.325,0.2067,0.6149,0.375,0.5372,1.4141
0.1018,0.5476,0.1879,0.6142,0.319,0.5119,1.9562
0.097,0.3171,0.1841,0.6459,0.2902,0.319,1.416
0.0899,0.325,0.1857,0.9248,0.315,0.3569,1.43
0.107,0.325,0.2422,0.7713,0.3719,0.3321,1.564
0.1042,0.3006,0.1848,0.9148,0.2711,0.34,1.868
0.0801,0.2842,0.2441,0.6402,0.2708,0.325,2.0742
0.0808,0.32,0.2091,0.9449,0.277,0.299,1.6649
0.1001,0.3121,0.1853,0.7532,0.2601,0.3011,1.539
0.315,0.2933,0.1881,1.0588,0.2902,0.298,1.878
0.0961,0.3028,0.1872,0.6201,0.2787,0.3448,1.6971
0.164,0.309,0.19,0.653,0.2978,0.351,1.9732
0.088,0.2902,0.186,0.5689,0.303,0.273,1.4951
0.092,0.2871,0.2632,1.0009,0.2801,0.278,1.569
0.0861,0.2918,0.2289,0.9172,0.277,0.2739,1.647
0.0889,0.793,0.1872,0.493,0.3858,0.3569,1.5609
0.0851,0.376,0.1829,0.5689,0.2711,0.272,1.4701
0.1168,0.2952,0.1853,1.0052,0.3028,0.3741,1.4999
0.1018,0.277,0.1848,0.7219,0.2842,0.385,2.0421
0.1049,0.2789,0.186,1.1818,0.2651,0.3271,1.945
0.0942,0.2589,0.1891,1.0409,0.268,0.2801,1.6437
0.0949,0.2799,0.185,0.7212,0.2639,0.3078,1.606
0.0842,0.2539,0.277,0.8888,0.2639,0.2978,1.8599
0.087,0.2749,0.19,0.5729,0.3719,0.2902,1.9741
0.0861,0.2949,0.1857,0.7663,0.2811,0.2949,1.5171
0.1342,0.3419,0.186,0.6981,0.2677,0.3111,2.0289
0.0961,0.3152,0.1838,0.7093,0.2663,0.3011,2.0187
0.0882,0.3142,0.1919,1.1332,0.2663,0.298,2.0909
0.0868,0.3669,0.191,0.6478,0.272,0.277,1.5302
0.0892,0.3281,0.267,1.121,0.4351,0.2742,1.9829
0.108,0.5419,0.2282,1.1966,0.2801,0.2921,1.6057
0.0999,0.3247,0.3662,0.643,0.2692,0.361,2.049
0.0868,0.3169,0.222,1.2219,0.2828,0.2759,1.651
0.1638,0.319,0.2089,0.5572,0.294,0.268,1.9226
0.2961,0.3772,0.191,0.952,0.2649,0.2749,1.5399
0.1259,0.3092,0.2019,0.875,0.272,0.334,1.5099
0.1121,0.2911,0.206,1.0099,0.2921,0.2971,1.5039
0.139,0.484,0.185,0.7858,0.282,0.284,1.9803
0.1202,0.2799,0.2182,0.7968,0.2689,0.2711,1.9529
0.0889,0.2949,0.2539,0.8168,0.2739,0.325,1.509
0.097,0.288,0.2789,1.2841,0.263,0.272,1.673
0.087,0.262,0.2179,1.1549,0.2592,0.2718,1.688
0.0899,0.278,0.205,1.1458,0.2658,0.2661,76.7779
0.0939,0.2999,0.196,1.174,0.2692,0.2861,1.6441
0.087,0.273,0.2191,1.394,0.267,0.304,1.5931
0.0839,0.2701,0.1857,0.6392,0.3414,0.3061,2.1942
0.083,0.3569,0.2041,0.8292,0.2811,0.3009,1.6642
0.0901,0.3109,0.2131,0.8941,0.2801,0.277,1.6699
0.0839,0.2928,0.211,1.334,0.2799,0.2692,1.5349
0.2069,0.298,0.236,1.236,0.3109,0.277,2.1896
0.102,0.2992,0.186,1.1868,0.2961,0.3121,2.507
0.0911,0.2942,0.1872,1.1699,0.293,0.3209,2.336
0.0913,0.2937,0.2069,0.5622,0.4191,0.2651,1.951
0.0868,0.2871,0.1881,1.0078,0.4041,0.2651,1.9832
0.0949,0.2842,0.2098,0.9942,0.3028,0.2906,2.0239
0.0832,0.3228,0.2079,1.2701,0.288,0.2811,2.106
0.0896,0.3631,0.19,1.1668,0.2811,0.267,2.0292
0.0961,0.3378,0.2213,0.7191,0.2809,0.2649,5.7638
0.0882,0.3622,0.2677,0.6521,0.282,0.273,1.7741
0.083,0.334,0.196,1.277,0.406,0.298,2.063
0.1431,0.2899,0.2201,1.4889,0.3018,0.277,1.6928
0.083,0.282,0.186,0.7291,0.283,0.2613,1.591
0.0851,0.289,0.221,1.147,0.3328,0.268,1.5571
0.0849,0.2949,0.2501,1.2119,0.3061,0.3159,2.28
0.0818,0.2868,0.1931,0.9313,0.3042,0.2759,1.6701
0.083,0.3233,0.1888,0.6359,0.2971,0.2768,2.1377
0.0823,0.2949,0.1831,1.5111,0.3002,0.2723,1.6758
0.0839,0.308,0.2599,0.9689,0.2928,0.3216,2.0838
0.087,0.2961,0.2029,1.4012,0.2999,0.284,1.9431
0.0811,0.2859,0.1881,0.6089,0.268,0.2801,2.13
0.0842,0.282,0.185,0.752,0.319,0.2701,2.1513
0.0861,0.2959,0.186,1.0061,0.294,0.3741,1.6639
0.083,0.3061,0.1891,1.3461,0.283,0.2842,1.621
0.0861,0.2797,0.2029,0.9947,0.3159,0.2923,1.658
0.0818,0.4821,0.2108,1.4241,0.3002,0.4511,1.8411
0.0808,0.2999,0.1869,1.2031,0.282,0.3159,1.6701
0.0842,0.294,0.241,0.9079,0.2849,0.2918,1.6851
0.082,0.2789,0.2103,1.111,0.2842,0.2861,2.002
0.0861,0.2739,0.2329,0.9811,0.3028,0.366,1.786
0.0858,0.2959,0.2241,1.0433,0.298,0.3002,1.8921
0.0811,0.2811,0.1879,1.7271,0.2871,0.2728,1.4739
0.0856,0.4621,0.2518,0.6583,0.283,0.2589,1.6632
0.0892,0.3316,0.1962,1.3111,0.2849,0.2949,1.6968
0.0851,0.2911,0.2041,0.885,0.2882,0.2849,5.5013
0.0811,0.278,0.19,0.5379,0.3662,0.273,2.1439
0.0818,0.4728,0.257,1.3139,0.3579,0.2792,1.6222
0.0849,0.2751,0.1869,1.6401,0.423,0.267,1.662
0.0851,0.2742,0.18,1.775,0.3967,0.2818,1.91
0.1092,0.6611,0.2058,0.5281,0.4551,0.3152,1.5111
0.0889,0.3128,0.1962,1.462,0.3219,0.2811,1.678
0.0901,0.2689,0.1922,0.7033,0.3033,0.2692,2.0812
0.119,0.2792,0.1779,1.9782,0.3049,0.3448,1.637
0.1032,0.5128,0.174,0.3998,0.366,0.3374,2.11
0.103,0.3097,0.1779,1.503,0.3109,0.2818,1.5931
0.092,0.3061,0.221,1.3709,0.309,0.277,1.555
0.0851,1.858,0.1841,0.4561,0.2389,0.3393,1.673
0.0892,0.814,0.1769,1.5378,0.309,0.3037,1.7521
0.0939,0.7718,0.222,1.4372,0.299,0.2937,1.59
0.093,1.3199,0.186,1.2698,0.298,0.2649,1.7772
0.092,0.2801,0.1829,0.6518,0.3011,0.2911,2.2247
0.0999,0.2761,0.1791,0.6888,0.3309,0.2749,1.615
0.0942,0.4392,0.1769,1.1902,0.3099,0.2849,1.7288
0.0899,0.3531,0.175,1.344,0.3059,0.4342,2.0709
0.083,0.2873,0.222,1.3559,0.3102,0.3209,2.0432
0.088,0.5939,0.1891,1.018,0.32,0.2902,1.792
0.082,0.2759,0.1769,1.73,0.3102,0.2859,1.6103
0.0892,0.391,0.1991,1.2848,0.315,0.2811,1.6832
0.0901,0.3321,0.1881,1.534,0.3371,0.304,2.038
0.0849,0.2859,0.1879,1.2679,0.325,0.298,1.924
0.0939,0.334,0.1769,0.4809,0.9398,0.3099,1.5459
0.0932,0.3021,0.1802,1.3859,0.375,0.2832,1.9839
0.0877,0.3338,0.2179,1.1098,0.3321,0.35,1.5888
0.0949,0.4311,0.2558,0.4408,0.236,0.3378,1.5931
0.093,0.2728,0.1898,1.1749,0.3002,0.272,2.0251
0.0939,0.2789,0.1831,1.6389,0.319,0.2642,1.9369
0.087,0.2968,0.18,0.591,0.2761,0.298,1.5292
0.0882,0.2949,0.1748,0.7811,0.3169,0.299,1.528
0.087,0.2789,0.1922,0.3712,0.2449,0.3059,1.7793
0.0882,0.2739,0.2,2.0177,0.3102,0.273,2.0878
0.0839,0.4652,0.1822,1.9321,0.3078,0.309,1.982
0.0811,0.2718,0.185,1.822,0.3331,0.2871,1.5512
0.0839,0.2689,0.221,0.7842,0.3121,0.278,1.8971
0.0961,0.2708,0.1841,0.6301,0.299,0.2921,1.9381
0.0932,0.2789,0.2031,2.0442,0.3099,0.3171,1.569
0.087,0.2768,0.176,1.642,0.3338,0.277,1.904
0.0927,0.277,0.2329,1.6189,0.3009,0.278,2.0919
0.092,0.273,0.1988,0.535,0.3443,0.2959,1.9009
0.0901,0.2801,0.191,0.5541,0.407,0.3009,1.8759
0.0911,0.299,0.1788,0.8941,0.3071,0.2787,1.3921
0.0989,0.2718,0.1981,2.0409,0.2999,0.3161,1.718
0.0842,0.268,0.2627,1.2059,0.3128,0.3052,1.6191
0.0911,0.277,0.2148,1.456,0.308,0.339,1.7829
0.0799,0.36,0.1957,1.9438,0.303,0.2959,1.6522
0.0842,0.3929,0.237,1.0612,0.3138,0.2699,1.6732
0.0827,0.3059,0.242,1.4379,0.3173,0.299,1.756
0.093,0.3271,0.1888,1.1129,0.4549,0.289,1.667
0.0861,0.309,0.1891,1.4071,0.484,0.267,1.6298
0.0918,0.3798,0.1919,1.895,0.345,0.299,1.8909
0.0932,0.2909,0.174,0.6101,0.3479,0.304,1.6651
0.0849,0.293,0.2298,1.78,0.3741,0.2792,1.5721
0.0877,0.278,0.1831,105.6137,0.3378,0.2649,1.8768
0.0813,0.277,0.2072,0.4454,0.3021,0.2658,1.5838
0.0896,0.2739,0.181,0.4528,0.3278,0.293,1.7552
0.0968,0.2692,0.1791,0.4339,0.3211,0.2711,1.3652
0.0839,0.2799,0.175,0.427,0.3247,0.2618,2.0599
0.0887,0.273,0.1788,0.438,0.3231,0.2761,2.0232
0.0901,0.2871,0.1788,0.4308,0.3128,0.2851,1.5142
0.0842,0.319,0.1771,0.4392,0.319,0.3071,1.3642
0.0849,0.2701,0.222,0.4611,0.3171,0.2761,1.564
0.0961,0.2718,0.2151,0.4721,0.32,0.284,1.6401
0.1521,0.2933,0.1888,0.4213,0.315,0.2999,1.714
0.1221,0.2911,0.1819,0.4587,0.3211,0.3369,1.8229
0.155,0.2751,0.1822,0.4232,0.3719,0.2682,1.76
0.0851,0.2739,0.1988,0.4182,0.329,0.272,1.5178
0.1152,0.2708,0.1841,0.437,0.4449,0.2911,1.8852
0.083,0.2689,0.1931,0.4067,0.3271,0.278,2.0659
0.0849,0.2692,0.1779,0.4122,0.36,0.2699,1.9441
0.1612,0.2708,0.253,0.427,0.3691,0.2561,1.8649
0.0839,0.2792,0.19,0.416,0.3481,0.422,1.514
0.339,0.2711,0.1867,0.4773,0.3572,0.3288,1.9889
0.0808,0.272,0.1752,0.4361,0.4082,0.2899,4.7989
0.0851,0.308,0.1791,0.4249,0.3269,0.2649,1.8651
0.0801,0.309,0.1888,0.4361,0.355,0.3119,2.1529
0.2332,0.3011,0.1903,0.407,0.3231,0.2732,1.8191
0.1349,0.284,0.1757,0.4129,0.3209,0.262,1.5497
0.1678,0.2627,0.2131,0.4079,0.3221,0.2768,1.8821
0.0887,0.2842,0.2272,0.4029,0.324,0.2923,1.631
0.139,0.2828,0.1826,0.4768,0.37,0.2759,5.8689
0.082,0.2639,0.1762,0.406,0.3281,0.2687,2.115
0.0808,0.273,0.174,0.3967,0.325,0.2701,1.915
0.082,0.272,0.1762,0.4132,0.3181,0.3002,1.864
0.0861,0.2711,0.237,0.4139,0.3362,0.329,1.7071
0.0951,0.2611,0.1829,0.4208,0.3357,0.2687,1.5371
0.0851,0.3009,0.1793,0.4029,0.324,0.32,1.6301
0.087,5.2688,0.1869,0.417,0.3159,0.2842,1.7099
0.0868,0.3018,0.2379,0.4361,0.3159,0.2859,1.6081
0.0889,0.2851,0.1969,0.4611,0.32,0.2723,1.4288
0.0918,0.2797,0.1812,0.4399,0.3421,0.3049,1.5702
0.098,0.277,0.1941,0.3991,0.3419,0.2601,1.549
0.087,0.2842,0.2229,0.3939,0.3421,0.2701,1.9271
0.087,0.34,0.1969,0.4048,0.427,0.2849,1.6239
0.0832,0.288,0.196,0.416,0.3459,0.2971,2.0411
0.087,0.294,0.195,0.396,0.334,0.2759,1.5509
0.0861,0.4821,0.1831,0.3977,0.3979,0.2713,5.223
0.0839,0.2728,0.2389,0.566,0.3681,0.308,2.0599
0.083,0.5403,0.18,0.5231,0.4671,0.278,1.7431
0.0808,0.2871,0.2341,0.5069,0.3603,0.2801,1.6887
0.0823,0.273,0.2329,0.4392,0.34,0.4208,1.8921
0.0808,0.2811,0.205,0.4129,0.3619,0.278,1.8499
0.1037,0.2728,0.1988,0.4182,0.3579,0.2701,1.9152
0.0927,0.3211,0.1931,0.4659,0.4101,0.2751,1.4081
0.087,0.289,0.1879,0.4411,0.3798,0.3731,1.5798
0.0839,0.2749,0.2041,0.406,0.3412,0.277,2.0111
0.0849,0.3142,0.217,0.3989,0.3448,0.2809,1.559
0.0908,0.4611,0.226,0.4551,0.3042,0.3011,2.0249
0.0823,0.2558,0.2019,0.5281,0.3479,0.3059,1.7469
0.0811,0.2482,0.1931,0.5078,0.3388,0.267,1.6448
0.087,0.242,0.1941,0.525,0.3371,0.257,1.6341
0.0811,0.2499,0.1757,0.5131,0.3409,0.2618,1.533
0.0842,0.2964,0.1731,0.5119,0.3521,0.2851,1.5752
0.0889,0.4568,0.18,0.5269,0.3612,0.2677,1.5588
0.0832,0.272,0.2019,0.5381,0.3719,0.2623,1.4062
0.0811,0.2592,0.2499,0.5348,0.3488,0.2701,2.166
0.0811,0.773,0.2031,0.5212,0.2697,0.3283,2.0652
0.0808,0.2749,0.1981,0.5221,0.3672,0.2759,1.385
0.0842,0.272,0.1919,0.4952,0.3469,0.272,1.5991
0.0801,0.267,0.1962,0.5171,0.344,0.262,2.2311
0.0801,0.2599,0.1988,0.5236,0.3698,0.3078,1.5202
0.0811,0.2611,0.1793,0.5031,0.4218,0.2859,1.5643
0.0832,0.2618,0.2112,0.5641,0.3529,0.2699,1.6909
0.0839,0.2611,0.2,0.489,0.344,0.2592,1.8041
0.082,0.298,0.2439,0.5083,0.339,0.3419,2.0521
0.0801,0.2611,0.2031,0.5078,0.349,0.2728,1.6799
0.083,0.2518,0.1998,0.4759,0.3531,0.2651,5.2171
0.0908,0.2501,0.1969,0.4113,0.3531,0.2587,1.7951
0.0839,0.2708,0.1929,0.417,0.3579,0.3102,1.601
0.0808,0.4041,0.2041,0.3958,0.3381,0.4671,1.9131
0.0818,0.2391,0.236,0.5572,0.34,0.2809,1.3797
0.0811,0.2511,0.1919,0.5748,0.4082,0.2701,1.9531
0.0799,0.241,0.2,0.5469,0.3428,0.309,1.6031
0.0801,0.2439,0.365,0.5686,0.3388,0.2818,2.1057
0.0808,0.2377,0.2389,0.535,0.3378,0.2699,1.5118
0.0811,0.2413,0.2151,0.5538,0.4301,0.2692,1.5481
0.0801,0.236,0.1891,0.5488,0.3641,0.3099,2.0118
0.083,0.2391,0.2539,0.5281,0.3631,0.2823,5.677
0.0799,0.236,0.2251,0.468,0.365,0.2718,1.7669
0.0801,0.237,0.2122,0.4549,0.2291,0.2701,1.55
0.0808,0.272,0.212,0.4311,0.3579,0.298,2.0521
0.0808,0.237,0.2081,0.5629,0.3672,0.2892,1.545
0.0801,0.2351,0.2749,0.483,0.351,0.2737,1.9488
0.0799,0.2639,0.212,0.5641,0.3777,0.2689,1.6429
0.0801,0.448,0.1867,0.5541,0.4721,0.3409,1.6232
0.0789,0.2639,0.2291,0.4928,0.3929,0.2918,1.7591
0.0789,0.33,0.2201,0.4532,0.237,0.3061,1.507
0.0808,0.294,0.2179,0.4191,0.355,0.2639,1.368
0.0808,0.2701,0.2112,0.4361,0.355,0.3231,1.719
0.087,0.2661,0.2022,0.4299,0.351,0.2787,1.6012
0.0801,0.278,0.2072,0.4191,0.349,0.2651,1.7197
0.0789,0.2627,0.277,0.4151,0.351,0.278,1.554
0.0823,0.2711,0.1879,0.4144,0.3529,0.288,1.7831
0.0799,0.2902,0.2482,0.402,0.4048,0.2718,1.7569
0.083,0.4511,0.2141,101.3968,0.3667,0.2689,1.8301
0.083,0.2639,0.2158,0.4499,0.3498,0.3271,1.8423
0.0799,0.282,0.2038,0.4108,0.3681,0.294,1.8311
0.0811,0.2949,0.1898,0.4139,0.3741,0.2971,2.0192
0.0889,0.2651,0.1891,0.4179,0.3757,0.2651,2.3708
0.0832,0.263,0.185,0.4108,0.3839,0.3419,1.9572
0.098,0.2501,0.2398,0.4048,0.3917,0.2921,1.797
0.1001,0.2441,0.212,0.407,0.3948,0.2851,1.6861
0.1118,0.253,0.2031,0.4389,0.401,0.3319,1.569
0.087,0.268,0.195,0.4449,0.387,0.3049,1.9341
0.0882,0.252,0.1853,0.4358,0.458,0.356,2.2709
0.0851,0.2391,0.1881,0.458,0.3769,0.329,1.8852
0.0839,0.2389,0.186,0.407,0.4451,0.3111,2.2237
0.083,0.2429,0.1862,0.402,0.4148,0.2909,2.239
0.0818,0.2379,0.1879,0.3982,0.3622,0.2601,2.317
0.0839,0.268,0.3211,0.3641,0.2849,0.334,2.291
0.0939,0.5419,0.191,0.4103,0.4473,0.2837,2.517
0.0949,0.2749,0.186,0.392,0.3772,0.2658,1.838
0.0892,0.309,0.1891,0.4339,0.396,0.2759,1.9619
0.0861,0.3021,0.1848,0.4539,0.3979,0.273,1.7972
0.0861,0.289,0.1881,0.4144,0.3707,0.3152,2.2061
0.082,0.2542,0.1941,0.4029,0.3662,0.2849,2.4338
0.0808,0.2279,0.2136,0.3729,0.4301,0.2751,1.5059
0.0827,0.2341,0.2038,0.3989,0.499,0.2911,1.6329
0.0844,0.2511,0.2301,0.448,0.4339,0.2849,1.5199
0.0832,0.252,0.1862,0.4201,0.2728,0.2713,2.6433
0.083,0.2449,0.2329,0.3998,0.396,0.2639,2.156
0.0887,0.2389,0.1929,0.423,0.385,0.2918,1.5681
0.0839,0.2477,0.1857,0.4241,0.3798,0.303,1.8239
0.0851,0.2351,0.1893,0.4058,0.3829,0.2692,1.7068
0.0839,0.2339,0.2191,0.3872,0.376,0.2999,1.9178
0.0839,0.237,0.1967,0.3841,0.437,0.457,1.9472
0.083,0.2403,0.1853,0.3939,0.386,0.3128,1.8787
0.0801,0.2398,0.2389,0.391,0.4113,0.2692,1.6413
0.0827,0.464,0.2081,0.4222,0.4008,0.3018,1.8592
0.0889,0.2561,0.186,0.392,0.411,0.293,1.9479
0.0958,0.2429,0.2151,0.3901,0.4773,0.289,1.4939
0.0861,0.2322,0.201,0.3781,0.4473,0.2761,1.9069
0.0911,0.232,0.18,0.3901,0.428,0.3169,1.6909
0.0851,0.2329,0.1769,0.416,0.3912,0.283,2.2881
0.0861,0.2539,0.181,0.3669,0.401,0.2661,2.0781
0.083,0.252,0.185,0.3881,0.3808,0.272,1.8468
0.0849,0.2439,0.237,0.3879,0.3772,0.3121,1.6301
0.0792,0.2441,0.1822,0.4301,0.3841,0.2809,1.7262
0.0949,0.2398,0.2158,0.386,0.3781,0.2851,2.2039
0.0839,0.246,0.1862,0.4029,0.3731,0.2909,2.0781
0.0849,0.2589,0.19,0.376,0.387,0.2933,2.1169
0.082,0.2499,0.1819,0.3901,0.4277,0.2718,1.8618
0.0799,0.2429,0.1841,0.397,0.3839,0.2842,1.6291
0.0808,0.2291,0.1838,0.3877,0.3791,0.3109,2.0938
0.0808,0.268,0.18,0.3929,0.3798,0.3281,1.826
0.0808,0.2429,0.217,0.3791,0.3798,0.2651,1.718
0.083,0.2351,0.2072,0.3848,0.375,0.3119,1.662
0.083,0.231,0.18,0.3901,0.4301,0.2933,1.739
0.0832,0.392,0.1788,0.417,0.4778,0.277,1.951
0.0823,0.231,0.1738,0.3819,0.4339,0.2689,2.1429
0.083,0.2308,0.1884,0.3841,0.3991,0.2999,1.7309
0.083,0.2329,0.1731,0.4098,0.3791,0.288,1.4882
0.083,0.263,0.1791,0.391,0.381,0.2718,2.0711
0.083,0.2389,0.186,0.3679,0.3982,0.407,1.6551
0.0823,0.2291,0.246,0.3939,0.411,0.3352,5.41
0.0842,0.2267,0.18,0.407,0.4129,0.2959,1.6861
0.0832,0.3862,0.1771,0.3788,0.416,0.2687,1.874
0.0839,0.227,0.1791,0.3703,0.4292,0.277,2.044
0.082,0.2267,0.191,0.3722,0.4859,0.2921,2.1563
0.082,0.2491,0.1879,0.3757,0.4451,0.2923,2.0742
0.0823,0.2441,0.195,0.4282,0.4292,0.2959,1.9469
0.0839,0.2317,0.1919,0.3691,0.402,0.2871,2.1989
0.0842,0.2329,0.2332,0.371,0.391,0.3099,1.7719
0.0851,0.2251,0.2499,0.3979,0.4039,0.2868,1.8611
0.082,0.2511,0.191,0.3841,0.397,0.3119,1.549
0.0818,0.2308,0.1984,0.4139,0.392,0.2921,1.662
0.083,0.2279,0.1929,0.3822,0.3877,0.2789,2.2402
0.0827,0.2334,0.201,0.387,0.4017,0.277,1.6267
0.0839,0.2301,0.1967,0.3922,0.448,0.268,1.5118
0.0818,0.2429,0.2007,0.3901,0.3939,0.2959,1.6599
0.083,0.2601,0.344,0.3979,0.407,0.2868,1.6029
0.083,0.2367,0.3221,0.4232,0.4261,0.2859,1.879
0.0832,0.2522,0.3798,0.4013,0.4039,0.2749,1.6773
0.0842,0.237,0.2792,0.3729,0.406,0.3498,1.677
0.083,0.406,0.2949,0.402,0.407,0.2968,1.622
0.0892,0.2329,0.2871,0.3831,0.406,0.3052,2.0859
0.083,0.2313,0.3159,0.4249,0.4129,0.3278,1.873
0.0818,0.2577,0.2861,0.38,0.4351,0.407,2.028
0.0811,0.2382,0.2999,0.4041,0.4139,0.4153,1.9369
0.0808,0.2329,0.3033,0.4048,0.402,0.4296,2.0661
0.083,0.236,0.2899,0.407,0.4089,0.4249,1.971
0.0799,0.2348,0.3889,0.386,0.4086,0.4232,1.9212
0.0818,0.2599,0.299,0.3903,0.4103,0.452,1.971
0.088,0.241,0.2861,0.3779,0.227,0.505,1.9538
0.107,0.2339,0.2329,0.381,0.3898,0.52,1.6639
0.1087,0.2351,0.2019,0.4101,0.402,0.6571,1.7478
0.109,0.2639,0.206,0.3779,0.437,0.3171,2.038
0.0849,0.2532,0.2332,0.3798,0.4101,0.3111,1.4389
0.0882,0.2429,0.1969,0.4101,0.4039,0.289,1.8849
0.0842,0.2408,0.191,0.391,0.478,0.282,1.6782
0.083,0.241,0.2401,0.3841,0.407,0.2809,1.5388
0.083,0.2379,0.2022,0.386,0.3986,0.3161,1.5149
0.0861,0.241,0.1957,0.3798,0.391,0.2909,1.7571
0.0839,0.2439,0.19,0.4201,0.4358,0.288,2.198
0.0849,0.2441,0.1881,0.396,0.417,0.282,1.627
0.0818,0.3991,0.2389,0.4041,0.4041,0.3119,5.609
0.0861,0.2329,0.2069,99.1108,0.4499,0.2851,1.5471
0.1268,0.2391,0.201,0.469,0.4182,0.2828,1.694
0.1419,0.2267,0.1991,0.4199,0.4869,0.2799,1.5187
0.1209,0.227,0.2308,0.4051,0.4241,0.3159,1.6472
0.1192,0.2279,0.196,0.4041,0.4311,0.3889,1.7369
0.118,0.236,0.1929,0.4032,0.4292,0.4101,2.1267
0.1569,0.2298,0.2058,0.4261,0.4199,0.3569,2.033
0.0951,0.2339,0.242,0.4051,0.4301,0.4101,2.0669
0.1192,1.4808,0.1922,0.3712,1.4129,0.4308,2.0068
0.1249,0.2542,0.19,0.422,0.4213,0.3812,2.0521
0.1521,0.2639,0.1938,0.4368,0.5262,0.4089,1.5838
0.1109,0.2458,0.1931,0.4449,0.474,0.4089,1.7722
0.1559,0.2348,0.236,0.423,0.4299,0.478,4.8859
0.138,0.2441,0.206,0.4311,0.4091,0.3679,1.4889
0.134,0.2391,0.1931,0.397,0.4208,0.4039,1.5302
0.1302,0.2308,0.2289,0.3958,0.4113,0.416,1.343
0.1237,0.2491,0.2069,0.4113,0.406,0.3972,2.0492
0.1249,0.2398,0.1941,0.416,0.4649,0.303,1.5118
0.128,0.2429,0.191,0.3877,0.2921,0.2899,2.1119
0.1202,0.2263,0.1929,0.4039,0.4418,0.2849,2.1479
0.1233,0.2348,0.1922,0.4013,0.4439,0.3111,1.6661
0.1259,0.2258,0.232,0.3939,0.4244,0.304,1.9929
0.1271,0.258,0.1981,0.3719,0.4189,0.2868,1.565
0.1252,1.785,0.267,0.3951,0.4091,0.3042,1.857
0.1221,0.2499,0.2761,0.417,0.4029,0.3369,2.0809
0.1271,0.2332,0.257,0.3819,0.2708,0.3152,1.7908
0.124,0.2339,0.278,0.4251,0.4201,0.289,4.992
0.1237,0.2508,0.2811,0.381,0.4108,0.3052,1.7142
0.1259,0.226,0.2942,0.3829,0.4148,0.3769,1.6818
0.123,0.2272,0.3011,0.3901,0.4091,0.3164,1.6322
0.1221,0.2499,0.3881,0.3788,0.562,0.396,1.4358
0.128,0.2422,0.2849,0.3839,0.4253,0.4113,1.7772
0.129,0.2358,0.283,0.3808,0.4079,0.4208,1.6091
0.1249,0.2303,0.2933,0.371,0.4389,0.3901,2.176
0.1209,0.2449,0.3078,0.3903,0.4261,0.4029,1.6732
0.1221,0.247,0.3231,0.371,0.416,0.4108,1.8961
0.1271,0.2401,0.2549,0.3707,0.545,0.3691,1.7228
0.1299,0.2272,0.277,0.4427,0.4699,0.428,2.0158
0.1328,0.246,0.319,0.4022,0.4523,0.422,1.379
0.1259,0.241,0.38,0.381,0.4039,0.324,1.5969
0.1302,0.2289,0.2999,0.37,0.4299,0.3421,1.6928
0.1271,0.2458,0.2837,0.375,0.2952,0.3109,2.0521
0.1261,0.2439,0.2811,0.3941,0.4208,0.3078,1.4381
0.1249,0.2372,0.3018,0.3638,0.421,0.293,1.9636
0.1237,0.2298,0.3052,0.3839,0.416,0.3321,1.802
0.128,0.2289,0.2787,0.3867,0.4082,0.4139,1.6441
0.1359,0.2291,0.2911,0.3741,0.5541,0.4141,1.6072
0.133,0.2272,0.2828,0.375,0.4239,0.4139,1.5233
0.1438,0.2351,0.3319,0.3879,0.4351,0.4928,1.9438
0.1512,0.2658,0.2902,0.3891,0.4928,0.3903,1.9851
0.1338,0.2329,0.325,0.4048,0.452,0.3941,1.5061
0.1297,0.2329,0.3281,0.4029,0.432,0.3767,1.5631
0.1318,0.2329,0.3169,0.416,0.4489,0.385,2.0442
0.1299,0.232,0.3231,0.3991,0.427,0.391,1.4601
0.1261,0.232,0.2444,0.4232,0.4601,0.38,2.022
0.139,0.2372,0.3169,0.4199,0.464,0.3788,1.6289
0.129,0.2408,0.2971,0.4249,0.4852,0.392,2.032
0.1349,0.248,0.334,0.3593,0.246,0.4032,2.0518
0.1132,0.242,0.222,0.3757,0.4239,0.4189,1.982
0.1202,0.2332,0.2141,0.5102,0.3741,0.3891,1.7898
0.124,0.232,0.211,0.417,0.4408,0.3521,1.586
0.1218,0.2391,0.2072,0.416,0.438,0.3622,1.9429
0.119,0.2658,0.1988,0.437,0.427,0.3839,1.3881
0.1202,0.2377,0.2558,0.4461,0.4261,0.37,2.058
0.1233,0.2654,0.216,0.3982,0.2558,0.3731,2.068
0.1218,0.2549,0.2089,0.4051,0.4468,0.4029,1.9131
0.1001,0.2468,0.2689,0.396,0.4318,0.4251,1.5929
0.129,0.2348,0.2139,0.4089,0.2303,0.4017,2.1861
0.1109,0.288,0.2933,0.3831,0.5949,0.4511,2.0211
0.1721,0.236,0.2921,0.3669,0.67,0.3688,1.9588
0.0851,0.2282,0.2689,0.3698,0.6371,0.3731,1.678
0.0861,0.2258,0.293,0.3707,0.623,0.3011,2.069
0.087,0.2303,0.3278,0.366,0.612,0.2928,1.8792
0.0849,0.2639,0.289,0.4086,0.6049,0.2789,1.5559
0.0858,0.2398,0.2801,0.3741,0.6011,0.385,1.5991
0.0892,0.2329,0.3531,0.396,0.6001,0.3908,1.5769
0.087,0.2301,0.2801,0.3941,0.597,0.3881,1.8291
0.0939,0.227,0.308,0.3972,0.6032,0.3679,1.888
0.0918,0.2291,0.2561,0.4208,0.5271,0.3781,2.0218
0.0858,0.226,0.2749,0.4113,0.608,0.3848,1.7619
0.0901,0.2301,0.2582,0.4361,0.437,0.366,1.6329
0.0911,0.2449,0.2739,0.4139,0.6011,0.406,1.5669
0.0839,0.247,0.2601,0.4327,0.4981,0.3831,1.6153
0.0861,0.2348,0.2828,0.397,0.5279,0.3881,1.6038
0.0939,0.2286,0.3269,0.3941,0.4699,0.4101,1.761
0.0949,0.2391,0.2532,0.3879,0.4668,0.391,1.6642
0.1259,0.2339,0.273,0.3901,0.608,0.3791,1.9519
0.1087,0.4001,0.272,0.3967,0.596,0.401,1.5359
0.102,0.2329,0.272,0.4032,0.598,0.4458,2.023
0.134,0.2339,0.282,0.4022,0.524,0.38,1.899
0.139,0.2391,0.278,0.4199,0.375,0.4151,2.0552
0.129,0.2329,0.2592,0.474,0.6368,0.4077,1.6313
0.1259,0.2351,0.298,0.437,0.5748,0.3829,1.5061
0.119,0.2439,0.4117,0.3979,0.5829,0.4001,2.059
0.1519,0.2801,0.2959,0.381,0.6971,0.2949,2.0509
0.144,0.2551,0.2742,0.3822,0.5419,0.3328,1.8742
0.1271,0.2339,0.267,0.3803,0.355,0.4179,1.555
0.1328,0.2408,0.2708,0.386,0.371,0.3738,1.5938
0.1159,0.2291,0.2842,0.3788,0.638,0.4022,1.786
0.1211,0.2587,0.2589,0.4249,0.5109,0.411,1.9259
0.1268,0.241,0.2298,0.4313,0.6239,0.4008,2.1188
0.1299,0.2723,0.2532,0.417,0.5782,0.3772,1.7171
0.1323,0.2408,0.304,103.4622,0.49,0.3641,1.4479
0.1268,0.2282,0.2539,0.526,0.4759,0.4199,1.5953
0.1111,0.2232,0.284,0.5801,0.4759,0.3922,1.981
0.1161,0.2398,0.2923,0.5817,0.4919,0.3748,1.9262
0.1328,0.2391,0.2739,0.5288,0.479,0.4022,1.3759
0.1149,0.2592,0.2501,0.5221,0.4921,0.4051,5.4588
0.124,0.237,0.298,0.545,0.5958,0.458,1.5419
0.124,0.2832,0.2627,0.4411,0.592,0.3588,1.791
0.1192,0.2439,0.2429,0.5178,0.6149,0.3431,1.4069
0.1531,0.231,0.3099,0.5109,0.6149,0.288,1.5888
0.1442,0.2289,0.262,0.556,0.6061,0.2789,1.6701
0.139,0.2413,0.2429,0.5062,0.6211,0.2871,1.93
0.134,0.2308,0.2472,0.4067,0.438,0.3242,1.9381
0.128,0.3972,0.2511,0.4148,0.5858,0.293,1.842
0.1311,0.2558,0.2422,0.4013,0.628,0.3009,2.3592
0.1059,0.2429,0.2551,0.3829,0.5569,0.2949,1.802
0.1101,0.248,0.2298,0.4187,0.6261,0.3271,1.9369
0.1347,0.232,0.2019,0.4132,0.5839,0.468,2.2459
0.0939,0.2279,0.2379,0.4029,0.499,0.3867,1.7779
0.0861,0.2258,0.1998,0.4458,0.5081,0.3941,1.8733
0.1199,0.2317,0.2189,0.4182,0.5126,0.4542,2.2559
0.129,0.2291,0.2329,0.4239,0.4799,0.421,2.177
0.1249,0.257,0.2639,0.406,0.5019,0.4249,2.121
0.1299,0.2351,0.2601,0.4172,0.4878,0.3998,2.0919
0.129,0.231,0.2367,0.4208,0.4818,0.428,1.641
0.129,0.2239,0.2501,0.4752,0.5181,0.309,2.0549
0.0927,0.2441,0.2782,0.5331,0.4749,0.3331,2.0158
0.0849,0.236,0.392,0.493,0.612,0.284,1.7097
0.088,0.2289,0.2549,0.536,0.6289,0.3071,2.2278
0.0908,0.246,0.2341,0.5319,0.6042,0.319,1.9441
0.087,0.252,0.2711,0.5128,0.53,0.3009,1.4961
0.0939,0.2351,0.253,0.5221,0.4978,0.298,2.243
0.088,0.232,0.2561,0.5391,0.5009,0.3169,2.274
0.0901,0.2351,0.2718,0.5131,0.51,0.3142,1.8718
0.092,0.2542,0.2611,0.5519,0.4959,0.3028,2.0711
0.088,0.2449,0.2599,0.5882,0.315,0.2801,1.9121
0.0882,0.2499,0.3111,0.5348,0.495,0.3431,1.765
0.0868,0.258,0.267,0.5312,0.4809,0.2906,1.5941
0.0908,0.2477,0.2759,0.5445,0.5682,0.299,1.8666
0.0949,0.2513,0.272,0.5102,0.562,0.3021,2.1021
0.0901,0.2649,0.262,0.525,0.5481,0.3238,1.8451
0.0911,0.2449,0.2642,0.4909,0.5081,0.4342,1.9262
0.0877,0.236,0.2999,0.5403,0.505,0.3793,1.9789
0.0899,0.241,0.2902,0.5589,0.6061,0.4108,2.1861
0.0882,0.236,0.2639,0.5271,0.5369,0.3939,2.1632
0.0932,0.3989,0.3033,0.4258,0.4883,0.3631,2.0938
0.088,0.4151,0.2689,0.6428,0.6318,0.4439,2.028
0.0923,0.242,0.246,0.4411,0.5062,0.407,1.7481
0.087,0.2289,0.1888,0.427,0.524,0.4103,2.27
0.0911,0.2303,0.1931,0.4249,0.5167,0.397,1.7042
0.0889,0.2308,0.1898,0.4191,0.5,0.3779,1.704
0.0911,0.2429,0.1929,0.4139,0.4952,0.4151,1.8609
0.0918,0.2282,0.1881,0.4051,0.5002,0.397,1.6372
0.087,0.268,0.19,0.402,0.4878,0.3972,2.1341
0.0868,0.2818,0.2279,0.4222,0.5057,0.3538,2.008
0.0918,0.242,0.2158,0.4132,0.4992,0.34,1.8539
0.0911,0.236,0.2222,0.4344,0.505,0.4091,2.2154
0.092,0.2759,0.2038,0.4296,0.5012,0.3552,2.0909
0.0849,0.2661,0.253,0.4113,0.5639,0.37,1.971
0.0882,0.2351,0.2213,0.422,0.602,0.4079,2.1508
0.0899,0.3891,0.1888,0.4139,0.545,0.356,1.7781
0.0899,0.2341,0.19,0.478,0.5102,0.387,1.832
0.088,0.3951,0.226,0.4919,0.515,0.4392,1.663
0.0908,0.2377,0.2799,0.4721,0.5221,0.4499,1.6458
0.087,0.2644,0.1981,0.6232,0.515,0.4022,1.79
0.0966,0.2389,0.1991,0.5479,0.638,0.3901,1.7762
0.0942,0.2401,0.1919,0.5591,0.5178,0.4129,2.1689
0.0908,0.2391,0.196,0.5031,0.5729,0.2959,1.9252
0.0908,0.232,0.2787,0.572,0.5341,0.298,1.483
0.092,0.2313,0.2031,0.4747,0.5031,0.3164,2.064
0.0901,0.252,0.191,0.4599,0.5112,0.3159,1.7459
0.0911,0.2539,0.19,0.484,0.5078,0.294,1.7071
0.0901,0.283,0.2422,0.6051,0.515,0.3059,2.0292
0.0958,0.2401,0.1938,0.5538,0.5059,0.3352,2.1689
0.0908,0.231,0.1981,0.5562,0.5021,0.289,1.9419
0.092,0.2282,0.1979,0.5577,0.5929,0.3037,2.0299
0.0908,0.2561,0.2451,0.555,0.5729,0.3052,1.61
0.097,0.2599,0.2019,0.6263,0.5713,0.335,1.833
0.139,0.396,0.1888,0.5898,0.504,0.2971,1.8902
0.0901,0.2289,0.1912,0.519,0.5221,0.2909,1.8501
0.0908,0.227,0.1903,0.4363,0.5939,0.315,2.1238
0.093,0.2279,0.2267,0.411,0.5662,0.3271,2.1799
0.1659,0.2367,0.1931,0.443,0.5372,0.2859,1.9131
0.1242,0.2589,0.2182,0.4351,0.5431,0.2801,2.295
0.1469,0.2451,0.2239,0.4201,0.5293,0.288,1.8852
0.1209,0.2372,0.2611,0.4089,0.5388,0.3283,1.8229
0.103,0.2389,0.288,0.4091,0.5713,0.329,2.1329
0.1192,0.2632,0.2801,0.4158,0.5248,0.3309,2.0959
0.1421,0.2458,0.2477,0.4497,0.5579,0.3657,2.1801
0.123,0.236,0.268,0.4148,0.5262,0.3171,5.887
0.123,0.4151,0.3388,0.448,0.592,0.2971,2.0981
0.1211,0.2291,0.2749,0.4292,0.5178,0.299,1.7402
0.1297,0.2279,0.2658,0.473,0.5012,0.3262,1.9512
0.1209,0.231,0.2551,0.4077,0.5119,0.3719,2.1017
0.1421,0.2549,0.252,0.4733,0.5128,0.2959,1.847
0.1237,0.2687,0.2539,0.505,0.4978,0.2911,1.6541
0.123,0.247,0.2618,0.5391,0.5422,0.309,1.9209
0.1249,0.4182,0.2511,0.5367,0.52,0.349,1.6148
0.1149,0.2439,0.2577,0.54,0.5677,0.2789,2.0552
0.128,0.257,0.313,0.463,0.5419,0.3247,1.5392
0.1338,0.2382,0.2651,0.4599,0.5682,0.3488,1.9269
0.1311,0.2408,0.2429,0.438,0.5491,0.2971,1.9829
0.1259,0.2658,0.2511,0.4869,0.5519,0.2933,1.5843
0.1221,0.246,0.3259,111.7079,0.5441,0.299,1.5218
0.133,0.2542,0.2582,0.6158,0.267,0.3521,5.0242
0.123,0.2389,0.2759,0.526,0.5829,0.308,5.9812
0.1202,0.2351,0.2906,0.5589,0.3672,0.3757,1.9572
0.124,0.2632,0.2892,0.4759,0.2961,0.319,1.6572
0.154,0.2539,0.3352,0.4663,0.597,0.2911,1.7569
0.0939,0.2429,0.2728,0.4067,0.5407,0.2921,1.5843
0.1578,0.2429,0.2661,0.4201,0.5019,0.329,1.7529
0.1111,0.2401,0.2623,0.427,0.5019,0.3159,1.7281
0.1261,0.406,0.2658,0.411,0.2892,0.3011,1.5852
0.1233,0.2401,0.3037,0.4261,0.5026,0.376,1.7288
0.1264,0.248,0.2372,0.453,0.5283,0.3822,1.5421
0.1302,0.3991,0.267,0.3939,0.5088,0.3142,1.564
0.1199,0.391,0.217,0.3862,0.5071,0.2921,2.0621
0.124,0.2329,0.2911,0.3839,0.5541,0.2961,1.6589
0.1061,0.267,0.2701,0.397,0.5062,0.3099,1.4501
0.1242,0.257,0.2899,0.3912,0.3862,0.3221,1.9662
0.1199,0.253,0.2539,0.385,0.5019,0.2799,1.6761
0.1361,0.2291,0.2432,0.3772,0.515,0.2701,1.5543
0.1249,0.2339,0.2182,0.4401,0.5081,0.3059,2.0058
0.128,0.2334,0.221,0.4032,0.567,0.3209,1.7748
0.129,0.277,0.2041,0.3867,0.6132,0.3009,1.6651
0.1271,0.2651,0.195,0.385,0.6499,0.2942,1.878
0.1121,0.2341,0.2301,0.4461,0.5958,0.4079,1.9579
0.1299,0.2267,0.1941,0.4179,0.5851,0.3011,1.9352
0.1369,0.226,0.1938,0.3738,0.4511,0.2911,1.4038
0.1099,0.231,0.1888,0.4208,0.5698,0.298,1.925
0.1149,0.236,0.2081,0.3891,0.591,0.325,2.0351
0.1349,0.241,0.2289,0.3829,0.3059,0.3159,1.9851
0.128,0.2611,0.2542,0.396,0.5329,0.2933,1.946
0.129,0.242,0.2131,0.3889,0.556,0.2911,1.7238
0.1109,0.237,0.201,0.3879,0.5908,0.3579,1.5941
0.1137,0.242,0.2952,0.392,0.5391,0.3011,1.9059
0.1009,0.2389,0.267,0.386,0.5269,0.2909,2.054
0.1128,0.2251,0.262,0.3858,0.519,0.3309,2.0523
0.1349,0.237,0.267,0.38,0.5691,0.308,1.5149
0.1061,0.232,0.2861,0.4182,0.6032,0.298,2.0549
0.1168,0.2701,0.277,0.4001,0.5679,0.387,1.8098
0.1318,0.2491,0.2649,0.375,0.5481,0.335,1.8032
0.1416,0.2451,0.2601,0.3808,0.572,0.3021,1.549
0.1018,0.237,0.2499,0.385,0.556,0.3002,1.5628
0.1447,0.3929,0.3219,0.3929,0.5589,0.397,1.569
0.102,0.2499,0.2859,0.3991,0.5491,0.417,5.8441
0.1359,0.2389,0.2429,0.3819,0.5789,0.397,1.9851
0.128,0.237,0.2749,0.4449,0.2902,0.3231,2.012
0.129,0.237,0.2542,0.411,0.5651,0.3409,1.4222
0.1249,0.2449,0.2789,0.3822,0.6049,0.314,1.982
0.1273,0.252,0.2403,0.3808,0.5682,0.2959,1.7259
0.1249,0.2279,0.2639,0.4079,0.4849,0.2902,1.611
0.1228,0.2279,0.3002,0.423,0.5569,0.324,2.1169
0.0961,0.4368,0.3309,0.3889,0.5639,0.309,1.9958
0.0861,0.2379,0.2539,0.3829,0.618,0.2918,1.9321
0.1001,0.2382,0.205,0.4182,0.531,0.2789,1.9882
0.1431,0.2329,0.2599,0.4129,0.52,0.3068,1.8852
0.097,0.3099,0.2329,0.3731,0.2689,0.3481,2.2681
0.102,0.2439,0.2019,0.401,0.6142,0.3099,1.8499
0.0899,0.237,0.1991,0.3958,0.591,0.3011,1.9321
0.0889,0.4492,0.195,0.416,0.5717,0.3211,1.55
0.0911,0.2429,0.1938,0.3879,0.587,0.3181,1.946
0.0873,0.248,0.2398,0.3779,0.5381,0.2749,1.7302
0.093,0.2358,0.1972,0.3891,0.5369,0.2871,1.9431
0.0868,0.2263,0.2358,0.3879,0.536,0.3281,1.5838
0.0882,0.2329,0.205,0.4442,0.5319,0.2959,1.564
0.0861,0.252,0.2053,0.4609,0.525,0.391,5.5921
0.0911,0.2818,0.1957,0.469,0.2382,0.3028,2.0401
0.0887,0.2601,0.1941,0.4358,0.551,0.345,1.6611
0.087,0.417,0.1991,0.4132,0.6809,0.3011,1.79
0.0868,0.2444,0.196,0.4148,0.6731,0.2933,1.828
0.087,0.2391,0.2413,0.3903,0.5817,0.2911,1.8234
0.0868,0.2301,0.2577,0.438,0.5717,0.3431,1.6181
0.0911,0.2341,0.211,0.4642,0.5848,0.3097,1.9209
0.0918,0.2351,0.2003,0.4323,0.5782,0.294,1.569
0.088,0.2329,0.1962,0.4091,0.5569,0.293,1.585
0.0911,0.2291,0.2029,0.3982,0.5472,0.3321,2.018
0.0992,0.236,0.2229,0.3829,0.5488,0.3059,1.7011
0.0958,0.2298,0.2041,0.3939,0.5403,0.2942,2.0301
0.0927,0.226,0.1831,0.4182,0.5531,0.2892,2.1131
0.088,0.2418,0.2289,0.3998,0.5779,0.324,1.5559
0.0932,0.3159,0.1872,0.3979,0.546,0.3147,1.8649
0.0892,0.2458,0.1819,0.3879,0.5419,0.299,2.0647
0.0851,0.2329,0.1817,0.4144,0.54,0.298,1.6251
0.0887,0.2472,0.1903,0.4451,0.6042,0.3331,1.9391
0.087,0.263,0.216,0.3932,0.5577,0.3152,1.9438
0.087,0.4089,0.2329,0.3788,0.6278,0.3307,1.7872
0.088,0.2317,0.1981,0.406,0.6142,0.2713,5.1401
0.0913,0.3459,0.1857,0.5441,0.2718,0.3369,1.9579
0.0892,0.237,0.2213,0.4239,0.6032,0.3071,2.018
0.0889,0.2458,0.1841,0.3972,0.5739,0.2759,1.4758
0.1001,0.257,0.1853,0.4232,0.5729,0.2689,1.718
0.0851,0.2601,0.1831,0.4287,0.5698,0.3753,1.9081
0.0882,0.252,0.2279,0.4239,0.556,0.3388,2.0878
0.0882,0.2391,0.2782,0.432,0.2329,0.32,1.6971
0.0892,0.2408,0.2208,0.3779,0.54,0.2911,1.7569
0.0889,0.2408,0.212,0.3793,0.5898,0.3419,1.965
0.087,0.2582,0.2091,0.4129,0.6151,0.319,1.6351
0.0892,0.2489,0.2611,0.406,0.632,0.2992,1.7939
0.0923,0.2441,0.2151,0.387,0.5572,0.2899,1.5917
0.0889,0.237,0.2141,0.3989,0.5891,0.3273,1.9631
0.088,0.2341,0.2532,0.402,0.5448,0.3011,1.9741
0.0901,0.2329,0.216,0.387,0.622,0.278,1.5669
0.0877,0.2377,0.2182,0.3867,0.5782,0.2711,1.6842
0.087,0.2754,0.2058,0.4101,0.5839,0.3159,1.5931
0.0889,0.2458,0.2081,0.4089,0.597,0.2928,1.7529
0.0858,0.2429,0.2067,102.114,0.6101,0.3531,1.5841
0.0932,0.2542,0.2611,0.4759,0.5767,0.3002,1.7619
0.0901,0.237,0.2213,0.4559,0.6351,0.308,5.8131
0.0877,0.237,0.2589,0.452,0.5751,0.3719,1.9252
0.0892,0.2542,0.2201,0.4117,0.6909,0.3049,2.111
0.0889,0.4277,0.2067,0.4439,0.5822,0.299,1.718
0.092,0.2351,0.21,0.4251,0.5701,0.3381,1.7281
0.0899,0.2413,0.226,0.432,0.6552,0.3281,1.6539
0.087,0.2367,0.216,0.468,0.6201,0.298,1.415
0.1252,0.3879,0.2089,0.3901,0.6132,0.2928,1.687
0.1149,0.3872,0.262,0.4029,0.597,0.3343,1.7619
0.1428,0.2298,0.2577,0.402,0.6008,0.3138,1.6692
0.1259,0.2282,0.2401,0.3929,0.6471,0.3021,1.569
0.1342,0.2248,0.241,0.4187,0.6099,0.344,1.621
0.1259,0.2282,0.2201,0.406,0.3021,0.35,1.5092
0.1428,0.226,0.2081,0.3879,0.5751,0.3142,1.7791
0.1211,0.2251,0.2067,0.3736,0.562,0.3073,1.713
0.1233,0.246,0.2348,0.4091,0.5751,0.2949,2.1682
0.1261,0.2449,0.2191,0.4802,0.5679,0.33,1.756
0.1199,0.2432,0.361,0.4129,0.571,0.3247,2.3181
0.118,0.241,0.2539,0.469,0.6042,0.344,1.714
0.124,0.2491,0.2298,0.417,0.5713,0.2921,1.946
0.1252,0.2351,0.2182,0.4179,0.7019,0.3278,6.1412
0.1233,0.386,0.211,0.427,0.6111,0.313,1.72
0.1111,0.2329,0.227,0.4032,0.262,0.2952,1.8511
0.103,0.2313,0.2131,0.3932,0.597,0.2897,2.2781
0.1237,0.2301,0.1969,0.4132,0.597,0.3562,2.3499
0.118,0.2439,0.2398,0.3977,0.5951,0.2811,6.2561
0.1202,0.253,0.2391,0.3939,0.598,0.273,2.0747
0.118,0.2382,0.1941,0.4301,0.598,0.298,1.76
0.1471,0.2339,0.185,0.4008,0.6001,0.355,5.909
0.1111,0.2272,0.1829,0.3681,0.6392,0.3448,2.1353
0.1121,0.2277,0.191,0.3629,0.607,0.3309,2.1639
0.1101,0.2382,0.1879,0.3762,0.5939,0.34,1.461
0.087,0.248,0.1872,0.3831,0.597,0.3519,2.0938
0.093,0.2499,0.3068,0.421,0.5991,0.3252,2.198
0.0927,0.237,0.2618,0.3891,0.6568,0.3138,2.0001
0.0882,0.241,0.2723,0.4501,0.617,0.3488,1.6031
0.0892,0.2379,0.2267,0.4301,0.607,0.3419,2.0568
0.087,0.2279,0.2313,0.3879,0.6111,0.3541,1.9479
0.0889,0.2291,0.2401,0.36,0.5689,0.3588,2.0201
0.092,0.226,0.2329,0.3648,0.607,0.3362,1.4942
0.088,0.2279,0.2172,0.3791,0.3002,0.315,2.0409
0.0892,0.596,0.2871,0.4017,0.4659,0.294,2.0502
0.0901,0.237,0.241,0.391,0.5591,0.3271,1.8051
0.0918,0.2418,0.2272,0.3841,0.5839,0.3381,1.72
0.1271,0.226,0.2959,0.4029,0.5701,0.315,2.0311
0.1059,0.2263,0.242,0.4001,0.675,0.2952,2.25
0.1018,0.226,0.2401,0.3848,0.597,0.2897,1.7951
0.0887,0.2251,0.232,0.3788,0.5791,0.3374,2.0921
0.0901,0.3989,0.216,0.3891,0.639,0.3247,2.2559
0.0958,0.2441,0.2642,0.4239,0.6771,0.2952,1.6699
0.087,0.2301,0.212,0.3972,0.6239,0.309,2.0573
0.0918,0.2282,0.226,0.3738,0.6189,0.3531,1.5342
0.0901,0.381,0.2351,0.4101,0.617,0.3152,1.5838
0.0918,0.232,0.2761,0.4041,0.618,0.2968,2.1231
0.088,0.2582,0.2432,0.3948,0.6118,0.2899,2.2171
0.0892,0.236,0.2379,0.3779,0.613,0.3359,1.7469
0.088,0.2329,0.2162,0.5481,0.6018,0.2971,1.9088
0.0882,0.248,0.268,0.407,0.622,0.2999,1.4112
0.0889,0.2439,0.2162,0.3867,0.587,0.3452,2.1148
0.0899,0.2329,0.2069,0.3819,0.5808,0.3788,2.171
0.0889,0.226,0.1967,0.3791,0.577,0.3388,2.1088
0.087,0.3867,0.196,0.3729,0.597,0.2899,1.5702
0.0913,0.2272,0.2499,0.3941,0.6671,0.3572,1.5359
0.088,0.227,0.206,0.3958,0.6111,0.3221,5.3449
0.088,0.231,0.2389,0.3922,0.577,0.308,5.1188
0.0877,0.2639,0.2291,0.4108,0.351,0.356,1.7402
0.0889,0.2582,0.211,0.3772,0.5858,0.3042,1.703
0.087,0.226,0.1969,0.3703,0.5708,0.2928,2.1682
0.093,0.2279,0.2072,0.3967,0.618,0.3262,1.9369
0.0923,0.2241,0.205,0.3872,0.5691,0.314,1.5821
0.088,0.2239,0.2019,0.4001,0.5698,0.2961,1.982
0.0901,0.2391,0.2398,0.3779,0.5732,0.2899,1.8487
0.0932,0.241,0.2301,0.3781,0.5887,0.3388,2.044
0.092,0.2611,0.2198,0.411,0.576,0.3259,1.4799
0.0901,0.2341,0.2038,0.3877,0.567,0.3064,1.8518
0.087,0.2267,0.2022,0.3762,0.5741,0.289,1.6479
0.087,0.226,0.1988,0.385,0.6239,0.3343,1.9007
0.1252,0.267,0.1841,0.4261,0.633,0.313,5.8131
0.138,0.232,0.1867,0.396,0.5829,0.3548,1.9703
0.1252,0.227,0.186,0.5479,0.5751,0.299,1.4882
0.133,0.2279,0.2418,0.7312,0.5822,0.3181,2.157
0.1261,0.2401,0.2189,0.715,0.5579,0.34,2.1
0.1292,0.231,0.2069,0.535,0.556,0.293,2.2068
0.165,0.227,0.2062,0.6671,0.555,0.2859,2.1219
0.098,0.2289,0.1988,0.509,0.561,0.335,2.1641
0.1798,0.2313,0.195,0.5498,0.6702,0.3161,1.6372
0.1678,0.2251,0.1981,0.479,0.6018,0.2999,2.012
0.1199,0.2289,0.1967,0.5832,0.5789,0.2921,2.068
0.0999,0.2341,0.2239,0.5717,0.5953,0.3231,1.7319
0.0992,0.2391,0.2851,0.392,0.581,0.375,1.905
0.0992,0.2689,0.2048,0.3698,0.5879,0.2952,1.545
0.133,0.257,0.2038,0.3691,0.653,0.3519,1.4338
0.1359,0.2408,0.195,0.386,0.586,0.3359,1.6911
0.138,0.2391,0.1969,0.375,0.2549,0.314,4.8201
0.123,0.2551,0.1981,0.416,0.6018,0.3011,1.6623
0.124,0.2439,0.2,0.4179,0.6092,0.3619,1.9891
0.138,0.236,0.2561,0.406,0.6242,0.324,5.553
0.1049,0.232,0.2167,0.4313,0.5839,0.2918,2.0292
0.1292,0.236,0.2522,0.3819,0.2339,0.3352,2.0738
0.123,0.241,0.1979,0.4811,0.5798,0.3369,1.6019
0.124,0.2282,0.195,0.437,0.5789,0.3178,1.8868
0.1187,0.2501,0.1988,0.4461,0.577,0.2911,1.5471
0.1259,0.2632,0.2062,112.771,0.576,0.2899,2.013
0.128,0.2377,0.2019,0.5422,0.598,0.33,1.72
0.138,0.2279,0.2468,0.5159,0.5882,0.3221,1.5233
0.1259,0.227,0.2348,0.4439,0.6258,0.2978,1.4739
0.1321,0.2344,0.21,0.5,0.6828,0.2909,1.791
0.1338,0.2277,0.2522,0.5338,0.6242,0.3233,2.0542
0.1299,0.447,0.222,0.4232,0.3557,0.3178,1.6499
0.128,0.241,0.2067,0.4218,0.5791,0.2899,1.384
0.1202,0.2532,0.2182,0.4501,0.592,0.2897,1.7622
0.155,0.2341,0.2007,0.488,0.5829,0.3362,1.9488
0.0939,0.2489,0.21,0.4208,0.5782,0.308,1.8909
0.129,0.2339,0.2692,0.4551,0.6199,0.2949,1.3931
0.1259,0.2699,0.206,0.4199,0.4041,0.3009,1.5838
0.1252,0.2351,0.2022,0.417,0.632,0.3769,1.889
0.1254,0.2289,0.2348,0.4191,0.586,0.319,1.4536
0.1321,0.2322,0.226,0.4354,0.5813,0.298,1.699
0.1211,0.2754,0.2191,0.4208,0.5739,0.3657,1.6031
0.1271,0.2468,0.1891,0.4117,0.2842,0.2859,1.7188
0.124,0.2332,0.18,0.4201,0.5741,0.329,2.0943
0.1209,0.2279,0.191,0.4649,0.6838,0.2861,5.6682
0.1259,0.2522,0.185,0.4909,0.618,0.2942,1.7071
0.1352,0.2477,0.206,0.514,0.6099,0.3099,2.1181
0.092,0.2382,0.2329,0.458,0.5901,0.2921,1.5109
0.0899,0.2248,0.2441,0.443,0.598,0.2759,1.6
0.0882,0.2263,0.2019,0.4461,0.5963,0.2689,1.694
0.0882,0.2258,0.1953,0.4351,0.5689,0.3238,1.9572
0.0889,0.237,0.1998,0.4518,0.597,0.277,1.5838
0.0958,0.2458,0.201,0.4632,0.694,0.288,4.75
0.093,0.2499,0.2582,0.417,0.5989,0.3169,1.3969
0.0861,0.2391,0.2089,0.3872,0.6127,0.2992,1.9648
0.093,0.2391,0.2019,0.3891,0.5989,0.2789,5.8999
0.0901,0.2348,0.1962,0.423,0.633,0.2811,1.5099
0.0939,0.2398,0.2351,0.4098,0.6421,0.3207,1.5872
0.088,0.2291,0.1929,0.3991,0.6499,0.267,1.6642
0.0868,0.2322,0.1979,0.428,0.6101,0.2823,2.073
0.0939,0.2499,0.1972,0.432,0.596,0.3331,1.7972
0.0927,0.2451,0.232,0.4439,0.607,0.4177,1.5519
0.1061,0.236,0.248,0.437,0.5989,0.319,1.5581
0.118,0.2348,0.2511,0.4342,0.5991,0.3033,1.8299
0.1001,1.6649,0.2098,0.4549,0.592,0.3469,4.9648
0.0968,0.2308,0.2081,0.4878,0.5918,0.417,1.5731
0.102,0.2251,0.2642,0.4859,0.5922,0.3059,1.9538
0.0942,0.231,0.221,0.448,0.5999,0.278,1.9209
0.097,0.231,0.2491,0.458,0.643,0.2801,1.5428
0.0958,0.226,0.2241,0.4501,0.6051,0.3169,1.5028
0.098,0.2251,0.206,0.428,0.5879,0.2823,1.9331
0.098,0.2329,0.21,0.422,0.653,0.2759,2.1389
0.0992,0.226,0.2091,0.4351,0.5958,0.304,2.0432
0.0999,0.2351,0.2067,0.448,0.5958,0.2949,2.0552
0.1042,0.258,0.2081,0.428,0.6001,0.2792,1.6298
0.097,0.236,0.288,0.4451,0.6931,0.2732,1.683
0.098,0.2518,0.2222,0.4208,0.6421,0.3011,2.0537
0.0992,0.242,0.2098,0.3898,0.282,0.309,1.7111
0.0961,0.2992,0.2067,0.385,0.5932,0.2749,1.5349
0.098,0.3159,0.2072,0.4241,0.598,0.2699,1.56
0.097,0.2451,0.2069,0.4122,0.597,0.2811,1.6031
0.097,0.2329,0.2072,0.4218,0.5851,0.3748,1.672
0.097,0.2341,0.216,0.4101,0.608,0.278,72.0272
0.0961,0.2382,0.2651,0.4318,0.6161,0.2768,1.5972
0.097,0.32,0.2849,0.479,0.6111,0.3169,1.981
0.0958,0.2639,0.2279,0.4609,0.7329,0.278,2.0981
0.0961,0.2429,0.2179,0.4728,0.622,0.2692,1.9038
0.0961,0.2329,0.217,0.4251,0.5929,0.2761,1.7331
0.0982,0.232,0.2468,0.423,0.6111,0.3121,2.0351
0.0949,0.2351,0.2241,0.4339,0.597,0.2973,1.73
0.097,0.2282,0.2081,0.4418,0.6549,0.2871,1.4908
0.0961,0.237,0.2377,0.4201,0.6311,0.2897,1.5419
0.0939,0.2291,0.2701,0.4361,0.6769,0.3121,1.9178
0.0958,0.227,0.34,0.447,0.2379,0.3159,1.5998
0.097,0.2351,0.2241,0.4678,0.67,0.3428,2.049
0.0987,0.2313,0.211,0.4399,0.6111,0.313,1.6201
0.0982,0.2379,0.2189,0.4468,0.6349,0.3259,1.4758
0.097,0.282,0.205,0.443,0.639,0.3111,1.9872
0.0961,0.2482,0.241,0.4501,0.632,0.2959,2.2237
0.097,0.2348,0.2167,0.4978,0.6659,0.3049,1.8008
0.0999,0.2432,0.1953,0.5071,0.6192,0.3343,2.2261
0.2129,0.2499,0.195,0.4628,0.6189,0.3741,1.7631
0.206,0.2382,0.2389,0.4311,0.6912,0.2949,2.2621
0.1931,0.242,0.201,0.417,0.6492,0.2871,5.3158
0.2224,0.237,0.1962,0.4911,0.2472,0.3319,2.264
0.1221,0.2429,0.2058,0.457,0.2909,0.3099,2.2762
0.1481,0.2332,0.236,0.4382,0.628,0.293,2.0773
0.1299,0.2408,0.1984,0.4411,0.6049,0.289,1.9338
0.1028,0.2592,0.1936,0.4449,0.6132,0.3321,2.1651
0.0892,0.2739,0.1941,0.4392,0.299,0.3169,1.9991
0.087,0.2561,0.1941,0.437,0.2408,0.3009,1.713
0.0901,0.257,0.2398,0.4601,0.613,0.2911,1.7591
0.0899,0.2511,0.195,0.4468,0.6089,0.3457,1.9331
0.088,0.2511,0.2089,0.4411,0.6602,0.32,2.2149
0.0851,0.2661,0.227,0.4637,0.6809,0.303,6.315
0.0882,0.304,0.1957,0.4528,0.2372,0.2742,2.331
0.0918,0.2491,0.1972,0.4511,0.6111,0.2878,2.0061
0.0849,0.2449,0.1972,0.4427,0.6399,0.4187,1.9531
0.0889,0.3181,0.2258,0.4401,0.6306,0.3319,1.9588
0.0887,0.277,0.232,0.478,0.2863,0.3529,2.4471
0.0939,0.2451,0.2611,0.4768,0.242,0.3641,1.915
0.0882,0.2849,0.1962,0.4559,0.6089,0.3829,2.1398
0.0939,0.2682,0.2029,0.4232,0.6111,0.339,1.766
0.0908,0.2439,0.2451,0.4241,0.6099,0.4601,1.7788
0.0954,0.447,0.247,0.4148,0.2308,0.4201,1.9879
0.0978,0.2692,0.2058,0.3929,0.6621,0.366,1.7841
0.0951,0.2499,0.1972,0.433,0.617,0.36,1.6861
0.0889,0.246,0.1929,0.4191,0.617,0.3412,1.8542
0.088,0.2701,0.1948,0.3951,0.612,0.33,2.0263
0.0889,0.2439,0.2601,108.844,0.623,0.3648,1.7521
0.0942,0.242,0.2279,0.6211,0.7749,0.3459,1.7958
0.0899,0.2372,0.2589,0.525,0.771,0.324,1.7178
0.092,0.2389,0.212,0.5047,0.7939,0.3252,1.7872
0.1311,0.2379,0.2141,0.4702,0.88,0.355,1.992
0.1121,0.2539,0.2098,0.4349,0.8652,0.3402,1.5869
0.097,0.237,0.2441,0.4151,0.8171,0.325,2.0509
0.1199,0.2382,0.2511,0.396,0.9041,0.313,1.9488
0.1032,1.6639,0.2151,0.442,0.8168,0.3591,1.914
0.1349,0.2348,0.3312,0.385,0.3872,0.351,2.003
0.124,0.237,0.268,0.4232,1.0099,0.3259,1.4961
0.124,0.2391,0.206,0.4916,1.303,0.2952,2.0039
0.1361,0.2439,0.2,0.4122,0.973,0.3729,1.7531
0.1571,0.2298,0.2482,0.4187,0.654,0.313,1.4548
0.1159,0.387,0.2038,0.4289,0.639,0.3278,1.6129
0.1202,0.2308,0.1829,0.4418,0.6962,0.3161,1.9009
0.1237,0.2289,0.1829,0.412,0.6468,0.3409,1.792
0.0892,0.2482,0.1867,0.3998,0.648,0.309,1.8318
0.0927,0.2408,0.2339,0.3839,0.6373,0.2849,1.4899
0.0939,0.2348,0.1941,0.4239,0.701,0.3037,1.719
0.092,0.2308,0.2072,0.423,0.6731,0.3409,2.352
0.0939,0.2413,0.2258,0.387,0.658,0.2968,2.131
0.0901,0.2508,0.186,0.385,0.6337,0.304,1.8129
0.0949,0.2332,0.1891,0.3929,0.6483,0.3119,1.7412
0.0877,0.2251,0.1872,0.3891,0.6249,0.3211,1.519
0.088,0.2339,0.1817,0.3967,0.6421,0.2952,1.77
0.0889,0.236,0.1822,0.3912,0.241,0.3293,1.5061
0.0882,0.2329,0.2251,0.4308,0.6371,0.3178,1.5121
0.1109,0.2418,0.2072,0.4389,0.6473,0.308,1.673
0.0892,0.267,0.2029,0.416,0.669,0.3128,2.2509
0.0899,0.2348,0.1922,0.447,0.6981,0.314,2.3799
0.092,0.2339,0.1838,0.3829,0.6506,0.299,1.6532
0.0932,0.253,0.181,0.371,0.6299,0.371,1.6091
0.0877,0.246,0.18,0.3829,0.6902,0.3111,2.2278
0.0889,0.2449,0.1819,0.3881,0.6459,0.3097,1.6451
0.0892,0.2398,0.201,0.4349,0.6711,0.309,5.7752
0.0911,0.237,0.2639,0.4051,0.3278,0.3271,2.2399
0.0932,0.236,0.2322,0.386,0.7632,0.3009,1.7517
0.102,0.2401,0.2358,0.3748,0.6602,0.288,1.7421
0.093,0.2279,0.2251,0.396,0.4408,0.3061,1.92
0.0961,0.2391,0.2329,0.3912,0.648,0.3669,2.058
0.092,0.2429,0.196,0.381,0.6311,0.3221,1.735
0.0892,0.2542,0.1957,0.3951,0.622,0.3002,1.9031
0.0899,0.2308,0.21,0.3839,0.639,0.299,1.7588
0.0889,0.2339,0.2012,0.381,0.2282,0.3262,2.105
0.0877,0.2301,0.2229,0.4117,0.6363,0.3028,1.744
0.0911,0.2248,0.1881,0.402,0.639,0.304,1.9791
0.0889,0.2232,0.181,0.4132,0.6721,0.3049,4.647
0.0892,0.2332,0.1841,0.3986,0.6347,0.3428,1.822
0.0939,0.2508,0.1838,0.4022,0.6421,0.3037,1.8592
0.0899,0.2508,0.195,0.3822,0.7639,0.2921,1.5359
0.0911,0.2441,0.2141,0.4568,0.381,0.3042,1.7402
0.088,0.2339,0.2019,0.4368,0.2623,0.3772,1.6489
0.093,0.2279,0.2091,0.4029,0.6449,0.3099,2.0568
0.0939,0.2418,0.2418,0.3831,0.7062,0.2911,1.6561
0.0939,0.2282,0.2129,0.38,0.7429,0.288,1.8036
0.0889,0.2258,0.2329,0.3729,0.7,0.314,1.8382
0.0887,0.4148,0.2019,0.3738,0.7219,0.3319,2.0869
0.0932,0.2372,0.1991,0.3769,0.6568,0.2961,4.9281
0.0899,0.232,0.195,0.3841,0.6728,0.2959,1.6561
0.0849,0.2391,0.2341,0.381,0.6652,0.3109,1.4508
0.0839,0.2251,0.2229,0.37,0.7081,0.3202,1.5957
0.0901,0.236,0.257,0.3819,0.6783,0.3259,2.0323
0.0839,0.2849,0.2918,0.385,0.7238,0.294,1.507
0.107,0.2718,0.2191,0.406,0.6778,0.2861,2.075
0.1001,0.236,0.1998,0.406,0.6678,0.313,2.0642
0.0892,0.2389,0.1831,0.3898,0.7799,0.3121,2.063
0.0851,0.2341,0.1831,0.423,0.6747,0.3328,1.4181
0.0839,0.2432,0.1838,0.3819,0.5231,0.289,1.96
0.0851,0.396,0.1841,0.4001,0.6618,0.3331,1.837
0.0839,0.2613,0.2811,0.3741,0.6678,0.32,2.0959
0.0858,0.417,0.272,0.3979,0.6373,0.304,1.8811
0.104,0.247,0.3312,0.4499,0.6728,0.366,1.9641
0.093,0.2403,0.2389,0.417,0.649,0.3247,2.048
0.0911,0.2701,0.2348,0.401,0.7129,0.3109,1.6692
0.0918,0.2339,0.216,0.3841,0.674,0.3121,1.7688
0.0958,0.2401,0.212,0.4051,0.694,0.2971,1.5361
0.0913,0.2341,0.227,0.3781,0.6421,0.339,2.0208
0.0951,0.2649,0.2651,0.4029,0.684,0.3049,1.6682
0.0958,0.2511,0.2508,0.401,0.6678,0.3142,1.533
0.1199,0.2432,0.2329,0.3991,0.6602,0.3018,1.729
0.1051,0.2329,0.298,0.3741,0.6571,0.339,1.5891
0.1471,0.236,0.2391,0.3912,0.7019,0.3221,1.5481
0.108,0.2439,0.2298,0.3967,0.7269,0.2911,1.6639
0.0961,0.4439,0.2272,0.3893,0.6611,0.2949,1.5979
0.0949,0.2482,0.2398,0.3951,0.68,0.3281,1.9767
0.0949,0.2367,0.2589,0.4399,0.6893,0.2952,1.6332
0.0958,0.236,0.2201,0.4671,0.6499,0.2921,4.8199
0.0942,0.2413,0.1888,0.3941,0.725,0.299,1.781
0.0958,0.3939,0.1862,0.3669,0.6549,0.3369,1.884
0.0939,0.2429,0.2358,0.4089,0.6979,0.2971,2.0211
